{
    "source_amp": 1873.8524145785084,
    "M2.Z_offset": 0.0017862310391324738,
    "strehl_ratio": 0.7813087191092911,
    "Tilt_Y_map0": 1.2665274833504672,
    "Tilt_X_map0": 0.35482419273026256,
    "Tilt_Y_map1": 1.2764680852311385,
    "Tilt_X_map1": 0.3177606028564369,
    "Tilt_Y_map2": 1.270785223924936,
    "Tilt_X_map2": 0.1330775048430354,
    "Tilt_Y_map3": 1.166155857087322,
    "Tilt_X_map3": -0.19760788696671916,
    "Tilt_Y_map4": 1.0142554074845416,
    "Tilt_X_map4": -0.40295383887183406,
    "Tilt_Y_map5": 0.835840788082596,
    "Tilt_X_map5": -0.6753059622365125,
    "Tilt_Y_map6": 0.964688638832644,
    "Tilt_X_map6": -0.6481700107408555,
    "M2.X_offset": -7.880573268644774e-05,
    "M2.Y_offset": -0.00039296919444210235,
    "AST_O": 119.63442696686013,
    "AST_V": -87.09119167258307,
    "TRE_V": -62.5774297593247,
    "TRE_O": 22.364021984636246,
    "QUAD_O": 46.83935979181174,
    "AST2_O": 31.111689282803077,
    "SPH": -71.30460437608947,
    "AST2_V": -12.731704136093413,
    "QUAD_V": -0.706735596056062
}