{
    "source_amp": 2028.3328569846424,
    "M2.Z_offset": 0.0006124609961703594,
    "strehl_ratio": 0.7137709844618042,
    "Tilt_Y_map0": 0.9972777596355556,
    "Tilt_X_map0": 0.47669897640310116,
    "M2.X_offset": 0.00031751103266982987,
    "M2.Y_offset": -0.0002681258389221149,
    "AST_O": 26.13218126093391,
    "AST_V": -33.87334662839111,
    "TRE_V": -36.155282925716804,
    "TRE_O": 23.172661552512164,
    "QUAD_O": 12.332244920759559,
    "AST2_O": 18.98223315704482,
    "SPH": -137.62168369712234,
    "AST2_V": -14.332275337992996,
    "QUAD_V": 50.33144750222805
}