{
    "source_amp": 1878.521015123699,
    "M2.Z_offset": 0.0017112806098528567,
    "strehl_ratio": 0.7520161573411783,
    "Tilt_Y_map0": 0.8598510204110984,
    "Tilt_X_map0": 0.4203708324883506,
    "Tilt_Y_map1": 0.9540169372700985,
    "Tilt_X_map1": 0.4187608437062825,
    "Tilt_Y_map2": 0.9668870138113227,
    "Tilt_X_map2": 0.22935051634823123,
    "Tilt_Y_map3": 0.8632677578256687,
    "Tilt_X_map3": -0.11901327464242736,
    "Tilt_Y_map4": 0.7058430629304733,
    "Tilt_X_map4": -0.342928810805203,
    "Tilt_Y_map5": 0.5270844905485712,
    "Tilt_X_map5": -0.6295045053461998,
    "Tilt_Y_map6": 0.6971584102929944,
    "Tilt_X_map6": -0.5912215407255431,
    "M2.X_offset": -3.989188881727935e-05,
    "M2.Y_offset": -0.00020715211533187927,
    "AST_O": 125.08990192100394,
    "AST_V": -87.15194922677969,
    "TRE_V": -66.87833090140575,
    "TRE_O": 24.453544238894402,
    "QUAD_O": 48.57290925560789,
    "AST2_O": 32.599436761961414,
    "SPH": -76.4604460481074,
    "AST2_V": -10.491105070439101,
    "QUAD_V": 0.606920342465206
}