{
    "source_amp": 1933.398808143998,
    "M2.Z_offset": 0.0020021057327762122,
    "strehl_ratio": 0.7550474986741353,
    "Tilt_Y_map0": 0.8094710097698626,
    "Tilt_X_map0": 0.7028356910803834,
    "Tilt_Y_map1": 0.6994255737942877,
    "Tilt_X_map1": 0.3010564355605568,
    "Tilt_Y_map2": 0.5346714925874473,
    "Tilt_X_map2": 0.04126171162219644,
    "M2.X_offset": 0.00019387921460180927,
    "M2.Y_offset": -0.0001270730142480893,
    "AST_O": 195.61147950231643,
    "AST_V": -69.34875324881862,
    "TRE_V": -76.2130572020514,
    "TRE_O": 31.107212208164434,
    "QUAD_O": 50.133541004970006,
    "AST2_O": 87.94047176317264,
    "SPH": -39.74784614523845,
    "AST2_V": 2.157523714607265,
    "QUAD_V": -25.206420354687737
}