{
    "source_amp": 2223.976167818655,
    "M2.Z_offset": 0.0017850675305906825,
    "strehl_ratio": 0.3986222566097413,
    "Tilt_Y_map0": 3.9109208669891604,
    "Tilt_X_map0": 6.842673873416207,
    "M2.X_offset": 0.0017000735416654745,
    "M2.Y_offset": -0.0008212829927146427,
    "AST_O": -19.854100930672423,
    "AST_V": -356.4530469222563,
    "TRE_V": -169.49003355788133,
    "TRE_O": 118.58594960022384,
    "QUAD_O": 134.54552507482643,
    "AST2_O": -19.507929007618245,
    "SPH": -4.77030472618803,
    "AST2_V": -129.53874687165884,
    "QUAD_V": 28.48708725113424
}