{
    "source_amp": 2002.0290988417307,
    "M2.Z_offset": 0.0017348816964586939,
    "strehl_ratio": 0.7190124539569331,
    "Az_Off_map0": 3.977264463824805,
    "El_Off_map0": -1.536504249039908,
    "Az_Off_map1": 4.4304206145384235,
    "El_Off_map1": -1.9318148187830024,
    "Az_Off_map2": 3.055892318928037,
    "El_Off_map2": -2.1207958837542105,
    "Az_Off_map3": 1.0129201773786018,
    "El_Off_map3": -1.6483683558461761,
    "Az_Off_map4": -0.2559298666499238,
    "El_Off_map4": -0.8595896685206331,
    "Az_Off_map5": -1.7883059589736594,
    "El_Off_map5": 0.008761590979129789,
    "Az_Off_map6": -1.6256108343804085,
    "El_Off_map6": -0.9491823951982293,
    "AST_O": 138.17503604304198,
    "AST_V": -86.21495050743638,
    "TRE_V": -69.27316433726583,
    "COMA_V": 4.623385019372021,
    "COMA_H": 8.41339358266256,
    "TRE_O": 23.72324677667703,
    "QUAD_O": 46.64073563674038,
    "AST2_O": 39.834788483915496,
    "SPH": -72.91480950766707,
    "AST2_V": -8.944608370103445,
    "QUAD_V": -1.4497764123608992
}