{
    "source_amp": 1731.1665872249448,
    "M2.Z_offset": 0.0018147268148342762,
    "strehl_ratio": 0.7903872181568683,
    "Az_Off_map0": 3.526802146987599,
    "El_Off_map0": -3.4749094840738124,
    "Az_Off_map1": 2.7692230434311362,
    "El_Off_map1": -3.2867124290518217,
    "Az_Off_map2": 1.462256289898699,
    "El_Off_map2": -3.369922170433185,
    "Az_Off_map3": -0.3679694633402662,
    "El_Off_map3": -2.833764407672527,
    "Az_Off_map4": -1.455777340921739,
    "El_Off_map4": -1.9868438036086384,
    "Az_Off_map5": -3.02187049976458,
    "El_Off_map5": -0.7807161336341241,
    "Az_Off_map6": -2.888054089201599,
    "El_Off_map6": -1.6776557030124077,
    "AST_O": 126.7901213825509,
    "AST_V": -86.87868504762564,
    "TRE_V": -64.83541065841716,
    "COMA_V": 7.942738031500221,
    "COMA_H": 0.6638430552442859,
    "TRE_O": 21.80333149675222,
    "QUAD_O": 46.71062512649144,
    "AST2_O": 31.73263768812433,
    "SPH": -63.2682063579375,
    "AST2_V": -10.58329835605745,
    "QUAD_V": -1.9992680157055032
}