{
    "source_amp": 1929.112664985228,
    "M2.Z_offset": 0.0017206104166684723,
    "strehl_ratio": 0.7225599736662818,
    "Az_Off_map0": 2.5739769715772463,
    "El_Off_map0": -2.95427802369354,
    "Az_Off_map1": 2.68546679410631,
    "El_Off_map1": -3.3003547119303964,
    "Az_Off_map2": 1.6019723764604463,
    "El_Off_map2": -3.336259985049977,
    "Az_Off_map3": -0.25634564521857545,
    "El_Off_map3": -2.790945512315971,
    "Az_Off_map4": -1.4264064218219004,
    "El_Off_map4": -1.9769205819580338,
    "Az_Off_map5": -2.878851857670614,
    "El_Off_map5": -1.1616200320710417,
    "Az_Off_map6": -2.686931019394614,
    "El_Off_map6": -2.1052593232900088,
    "AST_O": 126.71340264446447,
    "AST_V": -92.05196905603982,
    "TRE_V": -64.57009836214438,
    "COMA_V": 9.37321271876585,
    "COMA_H": 0.05773180040610593,
    "TRE_O": 23.19782544829949,
    "QUAD_O": 44.49132456645503,
    "AST2_O": 33.75089985760265,
    "SPH": -77.66029166940093,
    "AST2_V": -13.286018731477839,
    "QUAD_V": -1.2003466767037583
}