{
    "source_amp": 1912.6163388094787,
    "M2.Z_offset": 0.0019088693647008378,
    "strehl_ratio": 0.7575877692872104,
    "Az_Off_map0": 2.6439888544119423,
    "El_Off_map0": -2.7751600781938057,
    "Az_Off_map1": 2.8745994108148194,
    "El_Off_map1": -3.350466106700153,
    "Az_Off_map2": 1.6548671083627953,
    "El_Off_map2": -3.3857819270866303,
    "Az_Off_map3": -0.20808329858058963,
    "El_Off_map3": -2.845612266475734,
    "Az_Off_map4": -1.3334181219602372,
    "El_Off_map4": -2.066670118335452,
    "Az_Off_map5": -2.794154945538871,
    "El_Off_map5": -1.2806473368975448,
    "Az_Off_map6": -2.668012828467204,
    "El_Off_map6": -2.1630005521422695,
    "AST_O": 142.20430197300388,
    "AST_V": -93.12170518976932,
    "TRE_V": -61.7329898071475,
    "COMA_V": 11.73046144475916,
    "COMA_H": 3.223347784491691,
    "TRE_O": 21.741517030539175,
    "QUAD_O": 43.79710037058706,
    "AST2_O": 44.08287410602374,
    "SPH": -54.34163243599303,
    "AST2_V": -14.52132828696749,
    "QUAD_V": -6.850845199916084
}