{
    "source_amp": 2002.2482076947397,
    "M2.Z_offset": 0.001733865187684079,
    "strehl_ratio": 0.7178967498330735,
    "Az_Off_map0": 3.9705200553512845,
    "El_Off_map0": -1.5604372367539163,
    "Az_Off_map1": 4.4159981188281066,
    "El_Off_map1": -1.974041011970686,
    "Az_Off_map2": 3.0523616940564913,
    "El_Off_map2": -2.138888484503372,
    "Az_Off_map3": 1.011044873399487,
    "El_Off_map3": -1.6590525845812176,
    "Az_Off_map4": -0.2646742368151657,
    "El_Off_map4": -0.8664959839224574,
    "Az_Off_map5": -1.7908221823932138,
    "El_Off_map5": -0.0025447113864714528,
    "Az_Off_map6": -1.6314026583586645,
    "El_Off_map6": -0.9367637003351074,
    "AST_O": 138.65008959618106,
    "AST_V": -87.03700304639379,
    "TRE_V": -69.3923108681179,
    "COMA_V": 5.18712887899496,
    "COMA_H": 8.81272699180439,
    "TRE_O": 23.933838495010782,
    "QUAD_O": 46.74307185253217,
    "AST2_O": 40.084017173554976,
    "SPH": -72.92775560477921,
    "AST2_V": -9.664369331407293,
    "QUAD_V": -1.8514903729035885
}